schema_name,table_name,nb_columns,nb_rows,keys,keys_columns,target_table,table_comments
mimiciii,admissions,19,58976.0,['admissions_fk_subject_id'],['subject_id'],['patients'],
mimiciii,callout,24,34499.0,"['callout_fk_subject_id', 'callout_fk_hadm_id']","['subject_id', 'hadm_id']","['patients', 'admissions']",
mimiciii,caregivers,4,7567.0,[],,[],
mimiciii,chartevents,15,,"['chartevents_fk_subject_id', 'chartevents_fk_hadm_id', 'chartevents_fk_icustay_id', 'chartevents_fk_itemid', 'chartevents_fk_cgid']","['subject_id', 'cgid', 'hadm_id', 'itemid', 'icustay_id']","['patients', 'admissions', 'icustays', 'd_items', 'caregivers']",
mimiciii,chartevents_1,15,22204.0,"['chartevents_fk_subject_id', 'chartevents_fk_hadm_id', 'chartevents_fk_icustay_id', 'chartevents_fk_itemid', 'chartevents_fk_cgid']","['subject_id', 'cgid', 'hadm_id', 'itemid', 'icustay_id']","['patients', 'admissions', 'icustays', 'd_items', 'caregivers']",
mimiciii,chartevents_10,15,2072743.0,"['chartevents_fk_subject_id', 'chartevents_fk_hadm_id', 'chartevents_fk_icustay_id', 'chartevents_fk_itemid', 'chartevents_fk_cgid']","['subject_id', 'cgid', 'hadm_id', 'itemid', 'icustay_id']","['patients', 'admissions', 'icustays', 'd_items', 'caregivers']",
mimiciii,chartevents_100,15,3561405.0,"['chartevents_fk_subject_id', 'chartevents_fk_hadm_id', 'chartevents_fk_icustay_id', 'chartevents_fk_itemid', 'chartevents_fk_cgid']","['subject_id', 'cgid', 'hadm_id', 'itemid', 'icustay_id']","['patients', 'admissions', 'icustays', 'd_items', 'caregivers']",
mimiciii,chartevents_101,15,1174868.0,"['chartevents_fk_subject_id', 'chartevents_fk_hadm_id', 'chartevents_fk_icustay_id', 'chartevents_fk_itemid', 'chartevents_fk_cgid']","['subject_id', 'cgid', 'hadm_id', 'itemid', 'icustay_id']","['patients', 'admissions', 'icustays', 'd_items', 'caregivers']",
mimiciii,chartevents_102,15,293325.0,"['chartevents_fk_subject_id', 'chartevents_fk_hadm_id', 'chartevents_fk_icustay_id', 'chartevents_fk_itemid', 'chartevents_fk_cgid']","['subject_id', 'cgid', 'hadm_id', 'itemid', 'icustay_id']","['patients', 'admissions', 'icustays', 'd_items', 'caregivers']",
mimiciii,chartevents_103,15,249776.0,"['chartevents_fk_subject_id', 'chartevents_fk_hadm_id', 'chartevents_fk_icustay_id', 'chartevents_fk_itemid', 'chartevents_fk_cgid']","['subject_id', 'cgid', 'hadm_id', 'itemid', 'icustay_id']","['patients', 'admissions', 'icustays', 'd_items', 'caregivers']",
mimiciii,chartevents_104,15,3010337.0,"['chartevents_fk_subject_id', 'chartevents_fk_hadm_id', 'chartevents_fk_icustay_id', 'chartevents_fk_itemid', 'chartevents_fk_cgid']","['subject_id', 'cgid', 'hadm_id', 'itemid', 'icustay_id']","['patients', 'admissions', 'icustays', 'd_items', 'caregivers']",
mimiciii,chartevents_105,15,679113.0,"['chartevents_fk_subject_id', 'chartevents_fk_hadm_id', 'chartevents_fk_icustay_id', 'chartevents_fk_itemid', 'chartevents_fk_cgid']","['subject_id', 'cgid', 'hadm_id', 'itemid', 'icustay_id']","['patients', 'admissions', 'icustays', 'd_items', 'caregivers']",
mimiciii,chartevents_106,15,5207927.0,"['chartevents_fk_subject_id', 'chartevents_fk_hadm_id', 'chartevents_fk_icustay_id', 'chartevents_fk_itemid', 'chartevents_fk_cgid']","['subject_id', 'cgid', 'hadm_id', 'itemid', 'icustay_id']","['patients', 'admissions', 'icustays', 'd_items', 'caregivers']",
mimiciii,chartevents_107,15,673719.0,"['chartevents_fk_subject_id', 'chartevents_fk_hadm_id', 'chartevents_fk_icustay_id', 'chartevents_fk_itemid', 'chartevents_fk_cgid']","['subject_id', 'cgid', 'hadm_id', 'itemid', 'icustay_id']","['patients', 'admissions', 'icustays', 'd_items', 'caregivers']",
mimiciii,chartevents_108,15,2784997.0,"['chartevents_fk_subject_id', 'chartevents_fk_hadm_id', 'chartevents_fk_icustay_id', 'chartevents_fk_itemid', 'chartevents_fk_cgid']","['subject_id', 'cgid', 'hadm_id', 'itemid', 'icustay_id']","['patients', 'admissions', 'icustays', 'd_items', 'caregivers']",
mimiciii,chartevents_109,15,1687886.0,"['chartevents_fk_subject_id', 'chartevents_fk_hadm_id', 'chartevents_fk_icustay_id', 'chartevents_fk_itemid', 'chartevents_fk_cgid']","['subject_id', 'cgid', 'hadm_id', 'itemid', 'icustay_id']","['patients', 'admissions', 'icustays', 'd_items', 'caregivers']",
mimiciii,chartevents_11,15,178.0,"['chartevents_fk_subject_id', 'chartevents_fk_hadm_id', 'chartevents_fk_icustay_id', 'chartevents_fk_itemid', 'chartevents_fk_cgid']","['subject_id', 'cgid', 'hadm_id', 'itemid', 'icustay_id']","['patients', 'admissions', 'icustays', 'd_items', 'caregivers']",
mimiciii,chartevents_110,15,2445822.0,"['chartevents_fk_subject_id', 'chartevents_fk_hadm_id', 'chartevents_fk_icustay_id', 'chartevents_fk_itemid', 'chartevents_fk_cgid']","['subject_id', 'cgid', 'hadm_id', 'itemid', 'icustay_id']","['patients', 'admissions', 'icustays', 'd_items', 'caregivers']",
mimiciii,chartevents_111,15,2433917.0,"['chartevents_fk_subject_id', 'chartevents_fk_hadm_id', 'chartevents_fk_icustay_id', 'chartevents_fk_itemid', 'chartevents_fk_cgid']","['subject_id', 'cgid', 'hadm_id', 'itemid', 'icustay_id']","['patients', 'admissions', 'icustays', 'd_items', 'caregivers']",
mimiciii,chartevents_112,15,4449856.0,"['chartevents_fk_subject_id', 'chartevents_fk_hadm_id', 'chartevents_fk_icustay_id', 'chartevents_fk_itemid', 'chartevents_fk_cgid']","['subject_id', 'cgid', 'hadm_id', 'itemid', 'icustay_id']","['patients', 'admissions', 'icustays', 'd_items', 'caregivers']",
mimiciii,chartevents_113,15,1676872.0,"['chartevents_fk_subject_id', 'chartevents_fk_hadm_id', 'chartevents_fk_icustay_id', 'chartevents_fk_itemid', 'chartevents_fk_cgid']","['subject_id', 'cgid', 'hadm_id', 'itemid', 'icustay_id']","['patients', 'admissions', 'icustays', 'd_items', 'caregivers']",
mimiciii,chartevents_114,15,476670.0,"['chartevents_fk_subject_id', 'chartevents_fk_hadm_id', 'chartevents_fk_icustay_id', 'chartevents_fk_itemid', 'chartevents_fk_cgid']","['subject_id', 'cgid', 'hadm_id', 'itemid', 'icustay_id']","['patients', 'admissions', 'icustays', 'd_items', 'caregivers']",
mimiciii,chartevents_115,15,1621393.0,"['chartevents_fk_subject_id', 'chartevents_fk_hadm_id', 'chartevents_fk_icustay_id', 'chartevents_fk_itemid', 'chartevents_fk_cgid']","['subject_id', 'cgid', 'hadm_id', 'itemid', 'icustay_id']","['patients', 'admissions', 'icustays', 'd_items', 'caregivers']",
mimiciii,chartevents_116,15,2309226.0,"['chartevents_fk_subject_id', 'chartevents_fk_hadm_id', 'chartevents_fk_icustay_id', 'chartevents_fk_itemid', 'chartevents_fk_cgid']","['subject_id', 'cgid', 'hadm_id', 'itemid', 'icustay_id']","['patients', 'admissions', 'icustays', 'd_items', 'caregivers']",
mimiciii,chartevents_117,15,690295.0,"['chartevents_fk_subject_id', 'chartevents_fk_hadm_id', 'chartevents_fk_icustay_id', 'chartevents_fk_itemid', 'chartevents_fk_cgid']","['subject_id', 'cgid', 'hadm_id', 'itemid', 'icustay_id']","['patients', 'admissions', 'icustays', 'd_items', 'caregivers']",
mimiciii,chartevents_118,15,1009254.0,"['chartevents_fk_subject_id', 'chartevents_fk_hadm_id', 'chartevents_fk_icustay_id', 'chartevents_fk_itemid', 'chartevents_fk_cgid']","['subject_id', 'cgid', 'hadm_id', 'itemid', 'icustay_id']","['patients', 'admissions', 'icustays', 'd_items', 'caregivers']",
mimiciii,chartevents_119,15,803881.0,"['chartevents_fk_subject_id', 'chartevents_fk_hadm_id', 'chartevents_fk_icustay_id', 'chartevents_fk_itemid', 'chartevents_fk_cgid']","['subject_id', 'cgid', 'hadm_id', 'itemid', 'icustay_id']","['patients', 'admissions', 'icustays', 'd_items', 'caregivers']",
mimiciii,chartevents_12,15,892239.0,"['chartevents_fk_subject_id', 'chartevents_fk_hadm_id', 'chartevents_fk_icustay_id', 'chartevents_fk_itemid', 'chartevents_fk_cgid']","['subject_id', 'cgid', 'hadm_id', 'itemid', 'icustay_id']","['patients', 'admissions', 'icustays', 'd_items', 'caregivers']",
mimiciii,chartevents_120,15,2367114.0,"['chartevents_fk_subject_id', 'chartevents_fk_hadm_id', 'chartevents_fk_icustay_id', 'chartevents_fk_itemid', 'chartevents_fk_cgid']","['subject_id', 'cgid', 'hadm_id', 'itemid', 'icustay_id']","['patients', 'admissions', 'icustays', 'd_items', 'caregivers']",
mimiciii,chartevents_121,15,1360432.0,"['chartevents_fk_subject_id', 'chartevents_fk_hadm_id', 'chartevents_fk_icustay_id', 'chartevents_fk_itemid', 'chartevents_fk_cgid']","['subject_id', 'cgid', 'hadm_id', 'itemid', 'icustay_id']","['patients', 'admissions', 'icustays', 'd_items', 'caregivers']",
mimiciii,chartevents_122,15,982518.0,"['chartevents_fk_subject_id', 'chartevents_fk_hadm_id', 'chartevents_fk_icustay_id', 'chartevents_fk_itemid', 'chartevents_fk_cgid']","['subject_id', 'cgid', 'hadm_id', 'itemid', 'icustay_id']","['patients', 'admissions', 'icustays', 'd_items', 'caregivers']",
mimiciii,chartevents_123,15,655454.0,"['chartevents_fk_subject_id', 'chartevents_fk_hadm_id', 'chartevents_fk_icustay_id', 'chartevents_fk_itemid', 'chartevents_fk_cgid']","['subject_id', 'cgid', 'hadm_id', 'itemid', 'icustay_id']","['patients', 'admissions', 'icustays', 'd_items', 'caregivers']",
mimiciii,chartevents_124,15,1807316.0,"['chartevents_fk_subject_id', 'chartevents_fk_hadm_id', 'chartevents_fk_icustay_id', 'chartevents_fk_itemid', 'chartevents_fk_cgid']","['subject_id', 'cgid', 'hadm_id', 'itemid', 'icustay_id']","['patients', 'admissions', 'icustays', 'd_items', 'caregivers']",
mimiciii,chartevents_125,15,34909.0,"['chartevents_fk_subject_id', 'chartevents_fk_hadm_id', 'chartevents_fk_icustay_id', 'chartevents_fk_itemid', 'chartevents_fk_cgid']","['subject_id', 'cgid', 'hadm_id', 'itemid', 'icustay_id']","['patients', 'admissions', 'icustays', 'd_items', 'caregivers']",
mimiciii,chartevents_126,15,1378959.0,"['chartevents_fk_subject_id', 'chartevents_fk_hadm_id', 'chartevents_fk_icustay_id', 'chartevents_fk_itemid', 'chartevents_fk_cgid']","['subject_id', 'cgid', 'hadm_id', 'itemid', 'icustay_id']","['patients', 'admissions', 'icustays', 'd_items', 'caregivers']",
mimiciii,chartevents_127,15,178112.0,"['chartevents_fk_subject_id', 'chartevents_fk_hadm_id', 'chartevents_fk_icustay_id', 'chartevents_fk_itemid', 'chartevents_fk_cgid']","['subject_id', 'cgid', 'hadm_id', 'itemid', 'icustay_id']","['patients', 'admissions', 'icustays', 'd_items', 'caregivers']",
mimiciii,chartevents_128,15,1772387.0,"['chartevents_fk_subject_id', 'chartevents_fk_hadm_id', 'chartevents_fk_icustay_id', 'chartevents_fk_itemid', 'chartevents_fk_cgid']","['subject_id', 'cgid', 'hadm_id', 'itemid', 'icustay_id']","['patients', 'admissions', 'icustays', 'd_items', 'caregivers']",
mimiciii,chartevents_129,15,1802684.0,"['chartevents_fk_subject_id', 'chartevents_fk_hadm_id', 'chartevents_fk_icustay_id', 'chartevents_fk_itemid', 'chartevents_fk_cgid']","['subject_id', 'cgid', 'hadm_id', 'itemid', 'icustay_id']","['patients', 'admissions', 'icustays', 'd_items', 'caregivers']",
mimiciii,chartevents_13,15,1181039.0,"['chartevents_fk_subject_id', 'chartevents_fk_hadm_id', 'chartevents_fk_icustay_id', 'chartevents_fk_itemid', 'chartevents_fk_cgid']","['subject_id', 'cgid', 'hadm_id', 'itemid', 'icustay_id']","['patients', 'admissions', 'icustays', 'd_items', 'caregivers']",
mimiciii,chartevents_130,15,1622363.0,"['chartevents_fk_subject_id', 'chartevents_fk_hadm_id', 'chartevents_fk_icustay_id', 'chartevents_fk_itemid', 'chartevents_fk_cgid']","['subject_id', 'cgid', 'hadm_id', 'itemid', 'icustay_id']","['patients', 'admissions', 'icustays', 'd_items', 'caregivers']",
mimiciii,chartevents_131,15,43749.0,"['chartevents_fk_subject_id', 'chartevents_fk_hadm_id', 'chartevents_fk_icustay_id', 'chartevents_fk_itemid', 'chartevents_fk_cgid']","['subject_id', 'cgid', 'hadm_id', 'itemid', 'icustay_id']","['patients', 'admissions', 'icustays', 'd_items', 'caregivers']",
mimiciii,chartevents_132,15,601818.0,"['chartevents_fk_subject_id', 'chartevents_fk_hadm_id', 'chartevents_fk_icustay_id', 'chartevents_fk_itemid', 'chartevents_fk_cgid']","['subject_id', 'cgid', 'hadm_id', 'itemid', 'icustay_id']","['patients', 'admissions', 'icustays', 'd_items', 'caregivers']",
mimiciii,chartevents_133,15,2085994.0,"['chartevents_fk_subject_id', 'chartevents_fk_hadm_id', 'chartevents_fk_icustay_id', 'chartevents_fk_itemid', 'chartevents_fk_cgid']","['subject_id', 'cgid', 'hadm_id', 'itemid', 'icustay_id']","['patients', 'admissions', 'icustays', 'd_items', 'caregivers']",
mimiciii,chartevents_134,15,5266350.0,"['chartevents_fk_subject_id', 'chartevents_fk_hadm_id', 'chartevents_fk_icustay_id', 'chartevents_fk_itemid', 'chartevents_fk_cgid']","['subject_id', 'cgid', 'hadm_id', 'itemid', 'icustay_id']","['patients', 'admissions', 'icustays', 'd_items', 'caregivers']",
mimiciii,chartevents_135,15,1573583.0,"['chartevents_fk_subject_id', 'chartevents_fk_hadm_id', 'chartevents_fk_icustay_id', 'chartevents_fk_itemid', 'chartevents_fk_cgid']","['subject_id', 'cgid', 'hadm_id', 'itemid', 'icustay_id']","['patients', 'admissions', 'icustays', 'd_items', 'caregivers']",
mimiciii,chartevents_136,15,3870319.0,"['chartevents_fk_subject_id', 'chartevents_fk_hadm_id', 'chartevents_fk_icustay_id', 'chartevents_fk_itemid', 'chartevents_fk_cgid']","['subject_id', 'cgid', 'hadm_id', 'itemid', 'icustay_id']","['patients', 'admissions', 'icustays', 'd_items', 'caregivers']",
mimiciii,chartevents_137,15,719203.0,"['chartevents_fk_subject_id', 'chartevents_fk_hadm_id', 'chartevents_fk_icustay_id', 'chartevents_fk_itemid', 'chartevents_fk_cgid']","['subject_id', 'cgid', 'hadm_id', 'itemid', 'icustay_id']","['patients', 'admissions', 'icustays', 'd_items', 'caregivers']",
mimiciii,chartevents_138,15,1600973.0,"['chartevents_fk_subject_id', 'chartevents_fk_hadm_id', 'chartevents_fk_icustay_id', 'chartevents_fk_itemid', 'chartevents_fk_cgid']","['subject_id', 'cgid', 'hadm_id', 'itemid', 'icustay_id']","['patients', 'admissions', 'icustays', 'd_items', 'caregivers']",
mimiciii,chartevents_139,15,1687615.0,"['chartevents_fk_subject_id', 'chartevents_fk_hadm_id', 'chartevents_fk_icustay_id', 'chartevents_fk_itemid', 'chartevents_fk_cgid']","['subject_id', 'cgid', 'hadm_id', 'itemid', 'icustay_id']","['patients', 'admissions', 'icustays', 'd_items', 'caregivers']",
mimiciii,chartevents_14,15,1136214.0,"['chartevents_fk_subject_id', 'chartevents_fk_hadm_id', 'chartevents_fk_icustay_id', 'chartevents_fk_itemid', 'chartevents_fk_cgid']","['subject_id', 'cgid', 'hadm_id', 'itemid', 'icustay_id']","['patients', 'admissions', 'icustays', 'd_items', 'caregivers']",
mimiciii,chartevents_140,15,1146136.0,"['chartevents_fk_subject_id', 'chartevents_fk_hadm_id', 'chartevents_fk_icustay_id', 'chartevents_fk_itemid', 'chartevents_fk_cgid']","['subject_id', 'cgid', 'hadm_id', 'itemid', 'icustay_id']","['patients', 'admissions', 'icustays', 'd_items', 'caregivers']",
mimiciii,chartevents_141,15,1619782.0,"['chartevents_fk_subject_id', 'chartevents_fk_hadm_id', 'chartevents_fk_icustay_id', 'chartevents_fk_itemid', 'chartevents_fk_cgid']","['subject_id', 'cgid', 'hadm_id', 'itemid', 'icustay_id']","['patients', 'admissions', 'icustays', 'd_items', 'caregivers']",
mimiciii,chartevents_142,15,204405.0,"['chartevents_fk_subject_id', 'chartevents_fk_hadm_id', 'chartevents_fk_icustay_id', 'chartevents_fk_itemid', 'chartevents_fk_cgid']","['subject_id', 'cgid', 'hadm_id', 'itemid', 'icustay_id']","['patients', 'admissions', 'icustays', 'd_items', 'caregivers']",
mimiciii,chartevents_143,15,725866.0,"['chartevents_fk_subject_id', 'chartevents_fk_hadm_id', 'chartevents_fk_icustay_id', 'chartevents_fk_itemid', 'chartevents_fk_cgid']","['subject_id', 'cgid', 'hadm_id', 'itemid', 'icustay_id']","['patients', 'admissions', 'icustays', 'd_items', 'caregivers']",
mimiciii,chartevents_144,15,302.0,"['chartevents_fk_subject_id', 'chartevents_fk_hadm_id', 'chartevents_fk_icustay_id', 'chartevents_fk_itemid', 'chartevents_fk_cgid']","['subject_id', 'cgid', 'hadm_id', 'itemid', 'icustay_id']","['patients', 'admissions', 'icustays', 'd_items', 'caregivers']",
mimiciii,chartevents_145,15,976252.0,"['chartevents_fk_subject_id', 'chartevents_fk_hadm_id', 'chartevents_fk_icustay_id', 'chartevents_fk_itemid', 'chartevents_fk_cgid']","['subject_id', 'cgid', 'hadm_id', 'itemid', 'icustay_id']","['patients', 'admissions', 'icustays', 'd_items', 'caregivers']",
mimiciii,chartevents_146,15,649745.0,"['chartevents_fk_subject_id', 'chartevents_fk_hadm_id', 'chartevents_fk_icustay_id', 'chartevents_fk_itemid', 'chartevents_fk_cgid']","['subject_id', 'cgid', 'hadm_id', 'itemid', 'icustay_id']","['patients', 'admissions', 'icustays', 'd_items', 'caregivers']",
mimiciii,chartevents_147,15,1804988.0,"['chartevents_fk_subject_id', 'chartevents_fk_hadm_id', 'chartevents_fk_icustay_id', 'chartevents_fk_itemid', 'chartevents_fk_cgid']","['subject_id', 'cgid', 'hadm_id', 'itemid', 'icustay_id']","['patients', 'admissions', 'icustays', 'd_items', 'caregivers']",
mimiciii,chartevents_148,15,33554.0,"['chartevents_fk_subject_id', 'chartevents_fk_hadm_id', 'chartevents_fk_icustay_id', 'chartevents_fk_itemid', 'chartevents_fk_cgid']","['subject_id', 'cgid', 'hadm_id', 'itemid', 'icustay_id']","['patients', 'admissions', 'icustays', 'd_items', 'caregivers']",
mimiciii,chartevents_149,15,1375295.0,"['chartevents_fk_subject_id', 'chartevents_fk_hadm_id', 'chartevents_fk_icustay_id', 'chartevents_fk_itemid', 'chartevents_fk_cgid']","['subject_id', 'cgid', 'hadm_id', 'itemid', 'icustay_id']","['patients', 'admissions', 'icustays', 'd_items', 'caregivers']",
mimiciii,chartevents_15,15,3418921.0,"['chartevents_fk_subject_id', 'chartevents_fk_hadm_id', 'chartevents_fk_icustay_id', 'chartevents_fk_itemid', 'chartevents_fk_cgid']","['subject_id', 'cgid', 'hadm_id', 'itemid', 'icustay_id']","['patients', 'admissions', 'icustays', 'd_items', 'caregivers']",
mimiciii,chartevents_150,15,174222.0,"['chartevents_fk_subject_id', 'chartevents_fk_hadm_id', 'chartevents_fk_icustay_id', 'chartevents_fk_itemid', 'chartevents_fk_cgid']","['subject_id', 'cgid', 'hadm_id', 'itemid', 'icustay_id']","['patients', 'admissions', 'icustays', 'd_items', 'caregivers']",
mimiciii,chartevents_151,15,1769925.0,"['chartevents_fk_subject_id', 'chartevents_fk_hadm_id', 'chartevents_fk_icustay_id', 'chartevents_fk_itemid', 'chartevents_fk_cgid']","['subject_id', 'cgid', 'hadm_id', 'itemid', 'icustay_id']","['patients', 'admissions', 'icustays', 'd_items', 'caregivers']",
mimiciii,chartevents_152,15,1796313.0,"['chartevents_fk_subject_id', 'chartevents_fk_hadm_id', 'chartevents_fk_icustay_id', 'chartevents_fk_itemid', 'chartevents_fk_cgid']","['subject_id', 'cgid', 'hadm_id', 'itemid', 'icustay_id']","['patients', 'admissions', 'icustays', 'd_items', 'caregivers']",
mimiciii,chartevents_153,15,18753.0,"['chartevents_fk_subject_id', 'chartevents_fk_hadm_id', 'chartevents_fk_icustay_id', 'chartevents_fk_itemid', 'chartevents_fk_cgid']","['subject_id', 'cgid', 'hadm_id', 'itemid', 'icustay_id']","['patients', 'admissions', 'icustays', 'd_items', 'caregivers']",
mimiciii,chartevents_154,15,0.0,"['chartevents_fk_subject_id', 'chartevents_fk_hadm_id', 'chartevents_fk_icustay_id', 'chartevents_fk_itemid', 'chartevents_fk_cgid']","['subject_id', 'cgid', 'hadm_id', 'itemid', 'icustay_id']","['patients', 'admissions', 'icustays', 'd_items', 'caregivers']",
mimiciii,chartevents_155,15,2762030.0,"['chartevents_fk_subject_id', 'chartevents_fk_hadm_id', 'chartevents_fk_icustay_id', 'chartevents_fk_itemid', 'chartevents_fk_cgid']","['subject_id', 'cgid', 'hadm_id', 'itemid', 'icustay_id']","['patients', 'admissions', 'icustays', 'd_items', 'caregivers']",
mimiciii,chartevents_156,15,431909.0,"['chartevents_fk_subject_id', 'chartevents_fk_hadm_id', 'chartevents_fk_icustay_id', 'chartevents_fk_itemid', 'chartevents_fk_cgid']","['subject_id', 'cgid', 'hadm_id', 'itemid', 'icustay_id']","['patients', 'admissions', 'icustays', 'd_items', 'caregivers']",
mimiciii,chartevents_157,15,2023672.0,"['chartevents_fk_subject_id', 'chartevents_fk_hadm_id', 'chartevents_fk_icustay_id', 'chartevents_fk_itemid', 'chartevents_fk_cgid']","['subject_id', 'cgid', 'hadm_id', 'itemid', 'icustay_id']","['patients', 'admissions', 'icustays', 'd_items', 'caregivers']",
mimiciii,chartevents_158,15,0.0,"['chartevents_fk_subject_id', 'chartevents_fk_hadm_id', 'chartevents_fk_icustay_id', 'chartevents_fk_itemid', 'chartevents_fk_cgid']","['subject_id', 'cgid', 'hadm_id', 'itemid', 'icustay_id']","['patients', 'admissions', 'icustays', 'd_items', 'caregivers']",
mimiciii,chartevents_159,15,1149788.0,"['chartevents_fk_subject_id', 'chartevents_fk_hadm_id', 'chartevents_fk_icustay_id', 'chartevents_fk_itemid', 'chartevents_fk_cgid']","['subject_id', 'cgid', 'hadm_id', 'itemid', 'icustay_id']","['patients', 'admissions', 'icustays', 'd_items', 'caregivers']",
mimiciii,chartevents_16,15,1198681.0,"['chartevents_fk_subject_id', 'chartevents_fk_hadm_id', 'chartevents_fk_icustay_id', 'chartevents_fk_itemid', 'chartevents_fk_cgid']","['subject_id', 'cgid', 'hadm_id', 'itemid', 'icustay_id']","['patients', 'admissions', 'icustays', 'd_items', 'caregivers']",
mimiciii,chartevents_160,15,1149537.0,"['chartevents_fk_subject_id', 'chartevents_fk_hadm_id', 'chartevents_fk_icustay_id', 'chartevents_fk_itemid', 'chartevents_fk_cgid']","['subject_id', 'cgid', 'hadm_id', 'itemid', 'icustay_id']","['patients', 'admissions', 'icustays', 'd_items', 'caregivers']",
mimiciii,chartevents_161,15,1156173.0,"['chartevents_fk_subject_id', 'chartevents_fk_hadm_id', 'chartevents_fk_icustay_id', 'chartevents_fk_itemid', 'chartevents_fk_cgid']","['subject_id', 'cgid', 'hadm_id', 'itemid', 'icustay_id']","['patients', 'admissions', 'icustays', 'd_items', 'caregivers']",
mimiciii,chartevents_162,15,648200.0,"['chartevents_fk_subject_id', 'chartevents_fk_hadm_id', 'chartevents_fk_icustay_id', 'chartevents_fk_itemid', 'chartevents_fk_cgid']","['subject_id', 'cgid', 'hadm_id', 'itemid', 'icustay_id']","['patients', 'admissions', 'icustays', 'd_items', 'caregivers']",
mimiciii,chartevents_163,15,526472.0,"['chartevents_fk_subject_id', 'chartevents_fk_hadm_id', 'chartevents_fk_icustay_id', 'chartevents_fk_itemid', 'chartevents_fk_cgid']","['subject_id', 'cgid', 'hadm_id', 'itemid', 'icustay_id']","['patients', 'admissions', 'icustays', 'd_items', 'caregivers']",
mimiciii,chartevents_164,15,1290488.0,"['chartevents_fk_subject_id', 'chartevents_fk_hadm_id', 'chartevents_fk_icustay_id', 'chartevents_fk_itemid', 'chartevents_fk_cgid']","['subject_id', 'cgid', 'hadm_id', 'itemid', 'icustay_id']","['patients', 'admissions', 'icustays', 'd_items', 'caregivers']",
mimiciii,chartevents_165,15,1289885.0,"['chartevents_fk_subject_id', 'chartevents_fk_hadm_id', 'chartevents_fk_icustay_id', 'chartevents_fk_itemid', 'chartevents_fk_cgid']","['subject_id', 'cgid', 'hadm_id', 'itemid', 'icustay_id']","['patients', 'admissions', 'icustays', 'd_items', 'caregivers']",
mimiciii,chartevents_166,15,1292916.0,"['chartevents_fk_subject_id', 'chartevents_fk_hadm_id', 'chartevents_fk_icustay_id', 'chartevents_fk_itemid', 'chartevents_fk_cgid']","['subject_id', 'cgid', 'hadm_id', 'itemid', 'icustay_id']","['patients', 'admissions', 'icustays', 'd_items', 'caregivers']",
mimiciii,chartevents_167,15,208.0,"['chartevents_fk_subject_id', 'chartevents_fk_hadm_id', 'chartevents_fk_icustay_id', 'chartevents_fk_itemid', 'chartevents_fk_cgid']","['subject_id', 'cgid', 'hadm_id', 'itemid', 'icustay_id']","['patients', 'admissions', 'icustays', 'd_items', 'caregivers']",
mimiciii,chartevents_168,15,2737024.0,"['chartevents_fk_subject_id', 'chartevents_fk_hadm_id', 'chartevents_fk_icustay_id', 'chartevents_fk_itemid', 'chartevents_fk_cgid']","['subject_id', 'cgid', 'hadm_id', 'itemid', 'icustay_id']","['patients', 'admissions', 'icustays', 'd_items', 'caregivers']",
mimiciii,chartevents_169,15,466344.0,"['chartevents_fk_subject_id', 'chartevents_fk_hadm_id', 'chartevents_fk_icustay_id', 'chartevents_fk_itemid', 'chartevents_fk_cgid']","['subject_id', 'cgid', 'hadm_id', 'itemid', 'icustay_id']","['patients', 'admissions', 'icustays', 'd_items', 'caregivers']",
mimiciii,chartevents_17,15,1111444.0,"['chartevents_fk_subject_id', 'chartevents_fk_hadm_id', 'chartevents_fk_icustay_id', 'chartevents_fk_itemid', 'chartevents_fk_cgid']","['subject_id', 'cgid', 'hadm_id', 'itemid', 'icustay_id']","['patients', 'admissions', 'icustays', 'd_items', 'caregivers']",
mimiciii,chartevents_170,15,2671933.0,"['chartevents_fk_subject_id', 'chartevents_fk_hadm_id', 'chartevents_fk_icustay_id', 'chartevents_fk_itemid', 'chartevents_fk_cgid']","['subject_id', 'cgid', 'hadm_id', 'itemid', 'icustay_id']","['patients', 'admissions', 'icustays', 'd_items', 'caregivers']",
mimiciii,chartevents_171,15,3261816.0,"['chartevents_fk_subject_id', 'chartevents_fk_hadm_id', 'chartevents_fk_icustay_id', 'chartevents_fk_itemid', 'chartevents_fk_cgid']","['subject_id', 'cgid', 'hadm_id', 'itemid', 'icustay_id']","['patients', 'admissions', 'icustays', 'd_items', 'caregivers']",
mimiciii,chartevents_172,15,4067966.0,"['chartevents_fk_subject_id', 'chartevents_fk_hadm_id', 'chartevents_fk_icustay_id', 'chartevents_fk_itemid', 'chartevents_fk_cgid']","['subject_id', 'cgid', 'hadm_id', 'itemid', 'icustay_id']","['patients', 'admissions', 'icustays', 'd_items', 'caregivers']",
mimiciii,chartevents_173,15,765274.0,"['chartevents_fk_subject_id', 'chartevents_fk_hadm_id', 'chartevents_fk_icustay_id', 'chartevents_fk_itemid', 'chartevents_fk_cgid']","['subject_id', 'cgid', 'hadm_id', 'itemid', 'icustay_id']","['patients', 'admissions', 'icustays', 'd_items', 'caregivers']",
mimiciii,chartevents_174,15,1139355.0,"['chartevents_fk_subject_id', 'chartevents_fk_hadm_id', 'chartevents_fk_icustay_id', 'chartevents_fk_itemid', 'chartevents_fk_cgid']","['subject_id', 'cgid', 'hadm_id', 'itemid', 'icustay_id']","['patients', 'admissions', 'icustays', 'd_items', 'caregivers']",
mimiciii,chartevents_175,15,1983602.0,"['chartevents_fk_subject_id', 'chartevents_fk_hadm_id', 'chartevents_fk_icustay_id', 'chartevents_fk_itemid', 'chartevents_fk_cgid']","['subject_id', 'cgid', 'hadm_id', 'itemid', 'icustay_id']","['patients', 'admissions', 'icustays', 'd_items', 'caregivers']",
mimiciii,chartevents_176,15,2185541.0,"['chartevents_fk_subject_id', 'chartevents_fk_hadm_id', 'chartevents_fk_icustay_id', 'chartevents_fk_itemid', 'chartevents_fk_cgid']","['subject_id', 'cgid', 'hadm_id', 'itemid', 'icustay_id']","['patients', 'admissions', 'icustays', 'd_items', 'caregivers']",
mimiciii,chartevents_177,15,3553106.0,"['chartevents_fk_subject_id', 'chartevents_fk_hadm_id', 'chartevents_fk_icustay_id', 'chartevents_fk_itemid', 'chartevents_fk_cgid']","['subject_id', 'cgid', 'hadm_id', 'itemid', 'icustay_id']","['patients', 'admissions', 'icustays', 'd_items', 'caregivers']",
mimiciii,chartevents_178,15,2289753.0,"['chartevents_fk_subject_id', 'chartevents_fk_hadm_id', 'chartevents_fk_icustay_id', 'chartevents_fk_itemid', 'chartevents_fk_cgid']","['subject_id', 'cgid', 'hadm_id', 'itemid', 'icustay_id']","['patients', 'admissions', 'icustays', 'd_items', 'caregivers']",
mimiciii,chartevents_179,15,1610057.0,"['chartevents_fk_subject_id', 'chartevents_fk_hadm_id', 'chartevents_fk_icustay_id', 'chartevents_fk_itemid', 'chartevents_fk_cgid']","['subject_id', 'cgid', 'hadm_id', 'itemid', 'icustay_id']","['patients', 'admissions', 'icustays', 'd_items', 'caregivers']",
mimiciii,chartevents_18,15,3216971.0,"['chartevents_fk_subject_id', 'chartevents_fk_hadm_id', 'chartevents_fk_icustay_id', 'chartevents_fk_itemid', 'chartevents_fk_cgid']","['subject_id', 'cgid', 'hadm_id', 'itemid', 'icustay_id']","['patients', 'admissions', 'icustays', 'd_items', 'caregivers']",
mimiciii,chartevents_180,15,395061.0,"['chartevents_fk_subject_id', 'chartevents_fk_hadm_id', 'chartevents_fk_icustay_id', 'chartevents_fk_itemid', 'chartevents_fk_cgid']","['subject_id', 'cgid', 'hadm_id', 'itemid', 'icustay_id']","['patients', 'admissions', 'icustays', 'd_items', 'caregivers']",
mimiciii,chartevents_181,15,4797744.0,"['chartevents_fk_subject_id', 'chartevents_fk_hadm_id', 'chartevents_fk_icustay_id', 'chartevents_fk_itemid', 'chartevents_fk_cgid']","['subject_id', 'cgid', 'hadm_id', 'itemid', 'icustay_id']","['patients', 'admissions', 'icustays', 'd_items', 'caregivers']",
mimiciii,chartevents_182,15,3317323.0,"['chartevents_fk_subject_id', 'chartevents_fk_hadm_id', 'chartevents_fk_icustay_id', 'chartevents_fk_itemid', 'chartevents_fk_cgid']","['subject_id', 'cgid', 'hadm_id', 'itemid', 'icustay_id']","['patients', 'admissions', 'icustays', 'd_items', 'caregivers']",
mimiciii,chartevents_183,15,2611377.0,"['chartevents_fk_subject_id', 'chartevents_fk_hadm_id', 'chartevents_fk_icustay_id', 'chartevents_fk_itemid', 'chartevents_fk_cgid']","['subject_id', 'cgid', 'hadm_id', 'itemid', 'icustay_id']","['patients', 'admissions', 'icustays', 'd_items', 'caregivers']",
mimiciii,chartevents_184,15,4089431.0,"['chartevents_fk_subject_id', 'chartevents_fk_hadm_id', 'chartevents_fk_icustay_id', 'chartevents_fk_itemid', 'chartevents_fk_cgid']","['subject_id', 'cgid', 'hadm_id', 'itemid', 'icustay_id']","['patients', 'admissions', 'icustays', 'd_items', 'caregivers']",
mimiciii,chartevents_185,15,1559194.0,"['chartevents_fk_subject_id', 'chartevents_fk_hadm_id', 'chartevents_fk_icustay_id', 'chartevents_fk_itemid', 'chartevents_fk_cgid']","['subject_id', 'cgid', 'hadm_id', 'itemid', 'icustay_id']","['patients', 'admissions', 'icustays', 'd_items', 'caregivers']",
mimiciii,chartevents_186,15,2089736.0,"['chartevents_fk_subject_id', 'chartevents_fk_hadm_id', 'chartevents_fk_icustay_id', 'chartevents_fk_itemid', 'chartevents_fk_cgid']","['subject_id', 'cgid', 'hadm_id', 'itemid', 'icustay_id']","['patients', 'admissions', 'icustays', 'd_items', 'caregivers']",
mimiciii,chartevents_187,15,1465008.0,"['chartevents_fk_subject_id', 'chartevents_fk_hadm_id', 'chartevents_fk_icustay_id', 'chartevents_fk_itemid', 'chartevents_fk_cgid']","['subject_id', 'cgid', 'hadm_id', 'itemid', 'icustay_id']","['patients', 'admissions', 'icustays', 'd_items', 'caregivers']",
mimiciii,chartevents_188,15,717326.0,"['chartevents_fk_subject_id', 'chartevents_fk_hadm_id', 'chartevents_fk_icustay_id', 'chartevents_fk_itemid', 'chartevents_fk_cgid']","['subject_id', 'cgid', 'hadm_id', 'itemid', 'icustay_id']","['patients', 'admissions', 'icustays', 'd_items', 'caregivers']",
mimiciii,chartevents_189,15,2932357.0,"['chartevents_fk_subject_id', 'chartevents_fk_hadm_id', 'chartevents_fk_icustay_id', 'chartevents_fk_itemid', 'chartevents_fk_cgid']","['subject_id', 'cgid', 'hadm_id', 'itemid', 'icustay_id']","['patients', 'admissions', 'icustays', 'd_items', 'caregivers']",
mimiciii,chartevents_19,15,1669170.0,"['chartevents_fk_subject_id', 'chartevents_fk_hadm_id', 'chartevents_fk_icustay_id', 'chartevents_fk_itemid', 'chartevents_fk_cgid']","['subject_id', 'cgid', 'hadm_id', 'itemid', 'icustay_id']","['patients', 'admissions', 'icustays', 'd_items', 'caregivers']",
mimiciii,chartevents_190,15,3111060.0,"['chartevents_fk_subject_id', 'chartevents_fk_hadm_id', 'chartevents_fk_icustay_id', 'chartevents_fk_itemid', 'chartevents_fk_cgid']","['subject_id', 'cgid', 'hadm_id', 'itemid', 'icustay_id']","['patients', 'admissions', 'icustays', 'd_items', 'caregivers']",
mimiciii,chartevents_191,15,618565.0,"['chartevents_fk_subject_id', 'chartevents_fk_hadm_id', 'chartevents_fk_icustay_id', 'chartevents_fk_itemid', 'chartevents_fk_cgid']","['subject_id', 'cgid', 'hadm_id', 'itemid', 'icustay_id']","['patients', 'admissions', 'icustays', 'd_items', 'caregivers']",
mimiciii,chartevents_192,15,1165.0,"['chartevents_fk_subject_id', 'chartevents_fk_hadm_id', 'chartevents_fk_icustay_id', 'chartevents_fk_itemid', 'chartevents_fk_cgid']","['subject_id', 'cgid', 'hadm_id', 'itemid', 'icustay_id']","['patients', 'admissions', 'icustays', 'd_items', 'caregivers']",
mimiciii,chartevents_193,15,1849287.0,"['chartevents_fk_subject_id', 'chartevents_fk_hadm_id', 'chartevents_fk_icustay_id', 'chartevents_fk_itemid', 'chartevents_fk_cgid']","['subject_id', 'cgid', 'hadm_id', 'itemid', 'icustay_id']","['patients', 'admissions', 'icustays', 'd_items', 'caregivers']",
mimiciii,chartevents_194,15,4058888.0,"['chartevents_fk_subject_id', 'chartevents_fk_hadm_id', 'chartevents_fk_icustay_id', 'chartevents_fk_itemid', 'chartevents_fk_cgid']","['subject_id', 'cgid', 'hadm_id', 'itemid', 'icustay_id']","['patients', 'admissions', 'icustays', 'd_items', 'caregivers']",
mimiciii,chartevents_195,15,3154763.0,"['chartevents_fk_subject_id', 'chartevents_fk_hadm_id', 'chartevents_fk_icustay_id', 'chartevents_fk_itemid', 'chartevents_fk_cgid']","['subject_id', 'cgid', 'hadm_id', 'itemid', 'icustay_id']","['patients', 'admissions', 'icustays', 'd_items', 'caregivers']",
mimiciii,chartevents_196,15,2873390.0,"['chartevents_fk_subject_id', 'chartevents_fk_hadm_id', 'chartevents_fk_icustay_id', 'chartevents_fk_itemid', 'chartevents_fk_cgid']","['subject_id', 'cgid', 'hadm_id', 'itemid', 'icustay_id']","['patients', 'admissions', 'icustays', 'd_items', 'caregivers']",
mimiciii,chartevents_197,15,2659713.0,"['chartevents_fk_subject_id', 'chartevents_fk_hadm_id', 'chartevents_fk_icustay_id', 'chartevents_fk_itemid', 'chartevents_fk_cgid']","['subject_id', 'cgid', 'hadm_id', 'itemid', 'icustay_id']","['patients', 'admissions', 'icustays', 'd_items', 'caregivers']",
mimiciii,chartevents_198,15,3762969.0,"['chartevents_fk_subject_id', 'chartevents_fk_hadm_id', 'chartevents_fk_icustay_id', 'chartevents_fk_itemid', 'chartevents_fk_cgid']","['subject_id', 'cgid', 'hadm_id', 'itemid', 'icustay_id']","['patients', 'admissions', 'icustays', 'd_items', 'caregivers']",
mimiciii,chartevents_199,15,1718572.0,"['chartevents_fk_subject_id', 'chartevents_fk_hadm_id', 'chartevents_fk_icustay_id', 'chartevents_fk_itemid', 'chartevents_fk_cgid']","['subject_id', 'cgid', 'hadm_id', 'itemid', 'icustay_id']","['patients', 'admissions', 'icustays', 'd_items', 'caregivers']",
mimiciii,chartevents_2,15,737224.0,"['chartevents_fk_subject_id', 'chartevents_fk_hadm_id', 'chartevents_fk_icustay_id', 'chartevents_fk_itemid', 'chartevents_fk_cgid']","['subject_id', 'cgid', 'hadm_id', 'itemid', 'icustay_id']","['patients', 'admissions', 'icustays', 'd_items', 'caregivers']",
mimiciii,chartevents_20,15,818852.0,"['chartevents_fk_subject_id', 'chartevents_fk_hadm_id', 'chartevents_fk_icustay_id', 'chartevents_fk_itemid', 'chartevents_fk_cgid']","['subject_id', 'cgid', 'hadm_id', 'itemid', 'icustay_id']","['patients', 'admissions', 'icustays', 'd_items', 'caregivers']",
mimiciii,chartevents_200,15,2663003.0,"['chartevents_fk_subject_id', 'chartevents_fk_hadm_id', 'chartevents_fk_icustay_id', 'chartevents_fk_itemid', 'chartevents_fk_cgid']","['subject_id', 'cgid', 'hadm_id', 'itemid', 'icustay_id']","['patients', 'admissions', 'icustays', 'd_items', 'caregivers']",
mimiciii,chartevents_201,15,1605091.0,"['chartevents_fk_subject_id', 'chartevents_fk_hadm_id', 'chartevents_fk_icustay_id', 'chartevents_fk_itemid', 'chartevents_fk_cgid']","['subject_id', 'cgid', 'hadm_id', 'itemid', 'icustay_id']","['patients', 'admissions', 'icustays', 'd_items', 'caregivers']",
mimiciii,chartevents_202,15,5554424.0,"['chartevents_fk_subject_id', 'chartevents_fk_hadm_id', 'chartevents_fk_icustay_id', 'chartevents_fk_itemid', 'chartevents_fk_cgid']","['subject_id', 'cgid', 'hadm_id', 'itemid', 'icustay_id']","['patients', 'admissions', 'icustays', 'd_items', 'caregivers']",
mimiciii,chartevents_203,15,5626422.0,"['chartevents_fk_subject_id', 'chartevents_fk_hadm_id', 'chartevents_fk_icustay_id', 'chartevents_fk_itemid', 'chartevents_fk_cgid']","['subject_id', 'cgid', 'hadm_id', 'itemid', 'icustay_id']","['patients', 'admissions', 'icustays', 'd_items', 'caregivers']",
mimiciii,chartevents_204,15,716961.0,"['chartevents_fk_subject_id', 'chartevents_fk_hadm_id', 'chartevents_fk_icustay_id', 'chartevents_fk_itemid', 'chartevents_fk_cgid']","['subject_id', 'cgid', 'hadm_id', 'itemid', 'icustay_id']","['patients', 'admissions', 'icustays', 'd_items', 'caregivers']",
mimiciii,chartevents_205,15,816157.0,"['chartevents_fk_subject_id', 'chartevents_fk_hadm_id', 'chartevents_fk_icustay_id', 'chartevents_fk_itemid', 'chartevents_fk_cgid']","['subject_id', 'cgid', 'hadm_id', 'itemid', 'icustay_id']","['patients', 'admissions', 'icustays', 'd_items', 'caregivers']",
mimiciii,chartevents_206,15,1862707.0,"['chartevents_fk_subject_id', 'chartevents_fk_hadm_id', 'chartevents_fk_icustay_id', 'chartevents_fk_itemid', 'chartevents_fk_cgid']","['subject_id', 'cgid', 'hadm_id', 'itemid', 'icustay_id']","['patients', 'admissions', 'icustays', 'd_items', 'caregivers']",
mimiciii,chartevents_207,15,2313471.0,"['chartevents_fk_subject_id', 'chartevents_fk_hadm_id', 'chartevents_fk_icustay_id', 'chartevents_fk_itemid', 'chartevents_fk_cgid']","['subject_id', 'cgid', 'hadm_id', 'itemid', 'icustay_id']","['patients', 'admissions', 'icustays', 'd_items', 'caregivers']",
mimiciii,chartevents_21,15,974476.0,"['chartevents_fk_subject_id', 'chartevents_fk_hadm_id', 'chartevents_fk_icustay_id', 'chartevents_fk_itemid', 'chartevents_fk_cgid']","['subject_id', 'cgid', 'hadm_id', 'itemid', 'icustay_id']","['patients', 'admissions', 'icustays', 'd_items', 'caregivers']",
mimiciii,chartevents_22,15,2544521.0,"['chartevents_fk_subject_id', 'chartevents_fk_hadm_id', 'chartevents_fk_icustay_id', 'chartevents_fk_itemid', 'chartevents_fk_cgid']","['subject_id', 'cgid', 'hadm_id', 'itemid', 'icustay_id']","['patients', 'admissions', 'icustays', 'd_items', 'caregivers']",
mimiciii,chartevents_23,15,9458.0,"['chartevents_fk_subject_id', 'chartevents_fk_hadm_id', 'chartevents_fk_icustay_id', 'chartevents_fk_itemid', 'chartevents_fk_cgid']","['subject_id', 'cgid', 'hadm_id', 'itemid', 'icustay_id']","['patients', 'admissions', 'icustays', 'd_items', 'caregivers']",
mimiciii,chartevents_24,15,3236318.0,"['chartevents_fk_subject_id', 'chartevents_fk_hadm_id', 'chartevents_fk_icustay_id', 'chartevents_fk_itemid', 'chartevents_fk_cgid']","['subject_id', 'cgid', 'hadm_id', 'itemid', 'icustay_id']","['patients', 'admissions', 'icustays', 'd_items', 'caregivers']",
mimiciii,chartevents_25,15,1837071.0,"['chartevents_fk_subject_id', 'chartevents_fk_hadm_id', 'chartevents_fk_icustay_id', 'chartevents_fk_itemid', 'chartevents_fk_cgid']","['subject_id', 'cgid', 'hadm_id', 'itemid', 'icustay_id']","['patients', 'admissions', 'icustays', 'd_items', 'caregivers']",
mimiciii,chartevents_26,15,954139.0,"['chartevents_fk_subject_id', 'chartevents_fk_hadm_id', 'chartevents_fk_icustay_id', 'chartevents_fk_itemid', 'chartevents_fk_cgid']","['subject_id', 'cgid', 'hadm_id', 'itemid', 'icustay_id']","['patients', 'admissions', 'icustays', 'd_items', 'caregivers']",
mimiciii,chartevents_27,15,1456328.0,"['chartevents_fk_subject_id', 'chartevents_fk_hadm_id', 'chartevents_fk_icustay_id', 'chartevents_fk_itemid', 'chartevents_fk_cgid']","['subject_id', 'cgid', 'hadm_id', 'itemid', 'icustay_id']","['patients', 'admissions', 'icustays', 'd_items', 'caregivers']",
mimiciii,chartevents_28,15,945638.0,"['chartevents_fk_subject_id', 'chartevents_fk_hadm_id', 'chartevents_fk_icustay_id', 'chartevents_fk_itemid', 'chartevents_fk_cgid']","['subject_id', 'cgid', 'hadm_id', 'itemid', 'icustay_id']","['patients', 'admissions', 'icustays', 'd_items', 'caregivers']",
mimiciii,chartevents_29,15,1545176.0,"['chartevents_fk_subject_id', 'chartevents_fk_hadm_id', 'chartevents_fk_icustay_id', 'chartevents_fk_itemid', 'chartevents_fk_cgid']","['subject_id', 'cgid', 'hadm_id', 'itemid', 'icustay_id']","['patients', 'admissions', 'icustays', 'd_items', 'caregivers']",
mimiciii,chartevents_3,15,56235.0,"['chartevents_fk_subject_id', 'chartevents_fk_hadm_id', 'chartevents_fk_icustay_id', 'chartevents_fk_itemid', 'chartevents_fk_cgid']","['subject_id', 'cgid', 'hadm_id', 'itemid', 'icustay_id']","['patients', 'admissions', 'icustays', 'd_items', 'caregivers']",
mimiciii,chartevents_30,15,955452.0,"['chartevents_fk_subject_id', 'chartevents_fk_hadm_id', 'chartevents_fk_icustay_id', 'chartevents_fk_itemid', 'chartevents_fk_cgid']","['subject_id', 'cgid', 'hadm_id', 'itemid', 'icustay_id']","['patients', 'admissions', 'icustays', 'd_items', 'caregivers']",
mimiciii,chartevents_31,15,5180828.0,"['chartevents_fk_subject_id', 'chartevents_fk_hadm_id', 'chartevents_fk_icustay_id', 'chartevents_fk_itemid', 'chartevents_fk_cgid']","['subject_id', 'cgid', 'hadm_id', 'itemid', 'icustay_id']","['patients', 'admissions', 'icustays', 'd_items', 'caregivers']",
mimiciii,chartevents_32,15,3303181.0,"['chartevents_fk_subject_id', 'chartevents_fk_hadm_id', 'chartevents_fk_icustay_id', 'chartevents_fk_itemid', 'chartevents_fk_cgid']","['subject_id', 'cgid', 'hadm_id', 'itemid', 'icustay_id']","['patients', 'admissions', 'icustays', 'd_items', 'caregivers']",
mimiciii,chartevents_33,15,3676735.0,"['chartevents_fk_subject_id', 'chartevents_fk_hadm_id', 'chartevents_fk_icustay_id', 'chartevents_fk_itemid', 'chartevents_fk_cgid']","['subject_id', 'cgid', 'hadm_id', 'itemid', 'icustay_id']","['patients', 'admissions', 'icustays', 'd_items', 'caregivers']",
mimiciii,chartevents_34,15,7811471.0,"['chartevents_fk_subject_id', 'chartevents_fk_hadm_id', 'chartevents_fk_icustay_id', 'chartevents_fk_itemid', 'chartevents_fk_cgid']","['subject_id', 'cgid', 'hadm_id', 'itemid', 'icustay_id']","['patients', 'admissions', 'icustays', 'd_items', 'caregivers']",
mimiciii,chartevents_35,15,783762.0,"['chartevents_fk_subject_id', 'chartevents_fk_hadm_id', 'chartevents_fk_icustay_id', 'chartevents_fk_itemid', 'chartevents_fk_cgid']","['subject_id', 'cgid', 'hadm_id', 'itemid', 'icustay_id']","['patients', 'admissions', 'icustays', 'd_items', 'caregivers']",
mimiciii,chartevents_36,15,402022.0,"['chartevents_fk_subject_id', 'chartevents_fk_hadm_id', 'chartevents_fk_icustay_id', 'chartevents_fk_itemid', 'chartevents_fk_cgid']","['subject_id', 'cgid', 'hadm_id', 'itemid', 'icustay_id']","['patients', 'admissions', 'icustays', 'd_items', 'caregivers']",
mimiciii,chartevents_37,15,786544.0,"['chartevents_fk_subject_id', 'chartevents_fk_hadm_id', 'chartevents_fk_icustay_id', 'chartevents_fk_itemid', 'chartevents_fk_cgid']","['subject_id', 'cgid', 'hadm_id', 'itemid', 'icustay_id']","['patients', 'admissions', 'icustays', 'd_items', 'caregivers']",
mimiciii,chartevents_38,15,349997.0,"['chartevents_fk_subject_id', 'chartevents_fk_hadm_id', 'chartevents_fk_icustay_id', 'chartevents_fk_itemid', 'chartevents_fk_cgid']","['subject_id', 'cgid', 'hadm_id', 'itemid', 'icustay_id']","['patients', 'admissions', 'icustays', 'd_items', 'caregivers']",
mimiciii,chartevents_39,15,1032728.0,"['chartevents_fk_subject_id', 'chartevents_fk_hadm_id', 'chartevents_fk_icustay_id', 'chartevents_fk_itemid', 'chartevents_fk_cgid']","['subject_id', 'cgid', 'hadm_id', 'itemid', 'icustay_id']","['patients', 'admissions', 'icustays', 'd_items', 'caregivers']",
mimiciii,chartevents_4,15,1442406.0,"['chartevents_fk_subject_id', 'chartevents_fk_hadm_id', 'chartevents_fk_icustay_id', 'chartevents_fk_itemid', 'chartevents_fk_cgid']","['subject_id', 'cgid', 'hadm_id', 'itemid', 'icustay_id']","['patients', 'admissions', 'icustays', 'd_items', 'caregivers']",
mimiciii,chartevents_40,15,1589945.0,"['chartevents_fk_subject_id', 'chartevents_fk_hadm_id', 'chartevents_fk_icustay_id', 'chartevents_fk_itemid', 'chartevents_fk_cgid']","['subject_id', 'cgid', 'hadm_id', 'itemid', 'icustay_id']","['patients', 'admissions', 'icustays', 'd_items', 'caregivers']",
mimiciii,chartevents_41,15,950038.0,"['chartevents_fk_subject_id', 'chartevents_fk_hadm_id', 'chartevents_fk_icustay_id', 'chartevents_fk_itemid', 'chartevents_fk_cgid']","['subject_id', 'cgid', 'hadm_id', 'itemid', 'icustay_id']","['patients', 'admissions', 'icustays', 'd_items', 'caregivers']",
mimiciii,chartevents_42,15,1579681.0,"['chartevents_fk_subject_id', 'chartevents_fk_hadm_id', 'chartevents_fk_icustay_id', 'chartevents_fk_itemid', 'chartevents_fk_cgid']","['subject_id', 'cgid', 'hadm_id', 'itemid', 'icustay_id']","['patients', 'admissions', 'icustays', 'd_items', 'caregivers']",
mimiciii,chartevents_43,15,1553537.0,"['chartevents_fk_subject_id', 'chartevents_fk_hadm_id', 'chartevents_fk_icustay_id', 'chartevents_fk_itemid', 'chartevents_fk_cgid']","['subject_id', 'cgid', 'hadm_id', 'itemid', 'icustay_id']","['patients', 'admissions', 'icustays', 'd_items', 'caregivers']",
mimiciii,chartevents_44,15,392595.0,"['chartevents_fk_subject_id', 'chartevents_fk_hadm_id', 'chartevents_fk_icustay_id', 'chartevents_fk_itemid', 'chartevents_fk_cgid']","['subject_id', 'cgid', 'hadm_id', 'itemid', 'icustay_id']","['patients', 'admissions', 'icustays', 'd_items', 'caregivers']",
mimiciii,chartevents_45,15,1155571.0,"['chartevents_fk_subject_id', 'chartevents_fk_hadm_id', 'chartevents_fk_icustay_id', 'chartevents_fk_itemid', 'chartevents_fk_cgid']","['subject_id', 'cgid', 'hadm_id', 'itemid', 'icustay_id']","['patients', 'admissions', 'icustays', 'd_items', 'caregivers']",
mimiciii,chartevents_46,15,985720.0,"['chartevents_fk_subject_id', 'chartevents_fk_hadm_id', 'chartevents_fk_icustay_id', 'chartevents_fk_itemid', 'chartevents_fk_cgid']","['subject_id', 'cgid', 'hadm_id', 'itemid', 'icustay_id']","['patients', 'admissions', 'icustays', 'd_items', 'caregivers']",
mimiciii,chartevents_47,15,774157.0,"['chartevents_fk_subject_id', 'chartevents_fk_hadm_id', 'chartevents_fk_icustay_id', 'chartevents_fk_itemid', 'chartevents_fk_cgid']","['subject_id', 'cgid', 'hadm_id', 'itemid', 'icustay_id']","['patients', 'admissions', 'icustays', 'd_items', 'caregivers']",
mimiciii,chartevents_48,15,917780.0,"['chartevents_fk_subject_id', 'chartevents_fk_hadm_id', 'chartevents_fk_icustay_id', 'chartevents_fk_itemid', 'chartevents_fk_cgid']","['subject_id', 'cgid', 'hadm_id', 'itemid', 'icustay_id']","['patients', 'admissions', 'icustays', 'd_items', 'caregivers']",
mimiciii,chartevents_49,15,4594850.0,"['chartevents_fk_subject_id', 'chartevents_fk_hadm_id', 'chartevents_fk_icustay_id', 'chartevents_fk_itemid', 'chartevents_fk_cgid']","['subject_id', 'cgid', 'hadm_id', 'itemid', 'icustay_id']","['patients', 'admissions', 'icustays', 'd_items', 'caregivers']",
mimiciii,chartevents_5,15,878442.0,"['chartevents_fk_subject_id', 'chartevents_fk_hadm_id', 'chartevents_fk_icustay_id', 'chartevents_fk_itemid', 'chartevents_fk_cgid']","['subject_id', 'cgid', 'hadm_id', 'itemid', 'icustay_id']","['patients', 'admissions', 'icustays', 'd_items', 'caregivers']",
mimiciii,chartevents_50,15,852968.0,"['chartevents_fk_subject_id', 'chartevents_fk_hadm_id', 'chartevents_fk_icustay_id', 'chartevents_fk_itemid', 'chartevents_fk_cgid']","['subject_id', 'cgid', 'hadm_id', 'itemid', 'icustay_id']","['patients', 'admissions', 'icustays', 'd_items', 'caregivers']",
mimiciii,chartevents_51,15,883558.0,"['chartevents_fk_subject_id', 'chartevents_fk_hadm_id', 'chartevents_fk_icustay_id', 'chartevents_fk_itemid', 'chartevents_fk_cgid']","['subject_id', 'cgid', 'hadm_id', 'itemid', 'icustay_id']","['patients', 'admissions', 'icustays', 'd_items', 'caregivers']",
mimiciii,chartevents_52,15,3205115.0,"['chartevents_fk_subject_id', 'chartevents_fk_hadm_id', 'chartevents_fk_icustay_id', 'chartevents_fk_itemid', 'chartevents_fk_cgid']","['subject_id', 'cgid', 'hadm_id', 'itemid', 'icustay_id']","['patients', 'admissions', 'icustays', 'd_items', 'caregivers']",
mimiciii,chartevents_53,15,1022222.0,"['chartevents_fk_subject_id', 'chartevents_fk_hadm_id', 'chartevents_fk_icustay_id', 'chartevents_fk_itemid', 'chartevents_fk_cgid']","['subject_id', 'cgid', 'hadm_id', 'itemid', 'icustay_id']","['patients', 'admissions', 'icustays', 'd_items', 'caregivers']",
mimiciii,chartevents_54,15,1641889.0,"['chartevents_fk_subject_id', 'chartevents_fk_hadm_id', 'chartevents_fk_icustay_id', 'chartevents_fk_itemid', 'chartevents_fk_cgid']","['subject_id', 'cgid', 'hadm_id', 'itemid', 'icustay_id']","['patients', 'admissions', 'icustays', 'd_items', 'caregivers']",
mimiciii,chartevents_55,15,1654497.0,"['chartevents_fk_subject_id', 'chartevents_fk_hadm_id', 'chartevents_fk_icustay_id', 'chartevents_fk_itemid', 'chartevents_fk_cgid']","['subject_id', 'cgid', 'hadm_id', 'itemid', 'icustay_id']","['patients', 'admissions', 'icustays', 'd_items', 'caregivers']",
mimiciii,chartevents_56,15,784361.0,"['chartevents_fk_subject_id', 'chartevents_fk_hadm_id', 'chartevents_fk_icustay_id', 'chartevents_fk_itemid', 'chartevents_fk_cgid']","['subject_id', 'cgid', 'hadm_id', 'itemid', 'icustay_id']","['patients', 'admissions', 'icustays', 'd_items', 'caregivers']",
mimiciii,chartevents_57,15,913144.0,"['chartevents_fk_subject_id', 'chartevents_fk_hadm_id', 'chartevents_fk_icustay_id', 'chartevents_fk_itemid', 'chartevents_fk_cgid']","['subject_id', 'cgid', 'hadm_id', 'itemid', 'icustay_id']","['patients', 'admissions', 'icustays', 'd_items', 'caregivers']",
mimiciii,chartevents_58,15,787137.0,"['chartevents_fk_subject_id', 'chartevents_fk_hadm_id', 'chartevents_fk_icustay_id', 'chartevents_fk_itemid', 'chartevents_fk_cgid']","['subject_id', 'cgid', 'hadm_id', 'itemid', 'icustay_id']","['patients', 'admissions', 'icustays', 'd_items', 'caregivers']",
mimiciii,chartevents_59,15,1251345.0,"['chartevents_fk_subject_id', 'chartevents_fk_hadm_id', 'chartevents_fk_icustay_id', 'chartevents_fk_itemid', 'chartevents_fk_cgid']","['subject_id', 'cgid', 'hadm_id', 'itemid', 'icustay_id']","['patients', 'admissions', 'icustays', 'd_items', 'caregivers']",
mimiciii,chartevents_6,15,1659172.0,"['chartevents_fk_subject_id', 'chartevents_fk_hadm_id', 'chartevents_fk_icustay_id', 'chartevents_fk_itemid', 'chartevents_fk_cgid']","['subject_id', 'cgid', 'hadm_id', 'itemid', 'icustay_id']","['patients', 'admissions', 'icustays', 'd_items', 'caregivers']",
mimiciii,chartevents_60,15,774906.0,"['chartevents_fk_subject_id', 'chartevents_fk_hadm_id', 'chartevents_fk_icustay_id', 'chartevents_fk_itemid', 'chartevents_fk_cgid']","['subject_id', 'cgid', 'hadm_id', 'itemid', 'icustay_id']","['patients', 'admissions', 'icustays', 'd_items', 'caregivers']",
mimiciii,chartevents_61,15,962191.0,"['chartevents_fk_subject_id', 'chartevents_fk_hadm_id', 'chartevents_fk_icustay_id', 'chartevents_fk_itemid', 'chartevents_fk_cgid']","['subject_id', 'cgid', 'hadm_id', 'itemid', 'icustay_id']","['patients', 'admissions', 'icustays', 'd_items', 'caregivers']",
mimiciii,chartevents_62,15,3386714.0,"['chartevents_fk_subject_id', 'chartevents_fk_hadm_id', 'chartevents_fk_icustay_id', 'chartevents_fk_itemid', 'chartevents_fk_cgid']","['subject_id', 'cgid', 'hadm_id', 'itemid', 'icustay_id']","['patients', 'admissions', 'icustays', 'd_items', 'caregivers']",
mimiciii,chartevents_63,15,580529.0,"['chartevents_fk_subject_id', 'chartevents_fk_hadm_id', 'chartevents_fk_icustay_id', 'chartevents_fk_itemid', 'chartevents_fk_cgid']","['subject_id', 'cgid', 'hadm_id', 'itemid', 'icustay_id']","['patients', 'admissions', 'icustays', 'd_items', 'caregivers']",
mimiciii,chartevents_64,15,666496.0,"['chartevents_fk_subject_id', 'chartevents_fk_hadm_id', 'chartevents_fk_icustay_id', 'chartevents_fk_itemid', 'chartevents_fk_cgid']","['subject_id', 'cgid', 'hadm_id', 'itemid', 'icustay_id']","['patients', 'admissions', 'icustays', 'd_items', 'caregivers']",
mimiciii,chartevents_65,15,2048955.0,"['chartevents_fk_subject_id', 'chartevents_fk_hadm_id', 'chartevents_fk_icustay_id', 'chartevents_fk_itemid', 'chartevents_fk_cgid']","['subject_id', 'cgid', 'hadm_id', 'itemid', 'icustay_id']","['patients', 'admissions', 'icustays', 'd_items', 'caregivers']",
mimiciii,chartevents_66,15,954354.0,"['chartevents_fk_subject_id', 'chartevents_fk_hadm_id', 'chartevents_fk_icustay_id', 'chartevents_fk_itemid', 'chartevents_fk_cgid']","['subject_id', 'cgid', 'hadm_id', 'itemid', 'icustay_id']","['patients', 'admissions', 'icustays', 'd_items', 'caregivers']",
mimiciii,chartevents_67,15,437.0,"['chartevents_fk_subject_id', 'chartevents_fk_hadm_id', 'chartevents_fk_icustay_id', 'chartevents_fk_itemid', 'chartevents_fk_cgid']","['subject_id', 'cgid', 'hadm_id', 'itemid', 'icustay_id']","['patients', 'admissions', 'icustays', 'd_items', 'caregivers']",
mimiciii,chartevents_68,15,1447426.0,"['chartevents_fk_subject_id', 'chartevents_fk_hadm_id', 'chartevents_fk_icustay_id', 'chartevents_fk_itemid', 'chartevents_fk_cgid']","['subject_id', 'cgid', 'hadm_id', 'itemid', 'icustay_id']","['patients', 'admissions', 'icustays', 'd_items', 'caregivers']",
mimiciii,chartevents_69,15,3418865.0,"['chartevents_fk_subject_id', 'chartevents_fk_hadm_id', 'chartevents_fk_icustay_id', 'chartevents_fk_itemid', 'chartevents_fk_cgid']","['subject_id', 'cgid', 'hadm_id', 'itemid', 'icustay_id']","['patients', 'admissions', 'icustays', 'd_items', 'caregivers']",
mimiciii,chartevents_7,15,636690.0,"['chartevents_fk_subject_id', 'chartevents_fk_hadm_id', 'chartevents_fk_icustay_id', 'chartevents_fk_itemid', 'chartevents_fk_cgid']","['subject_id', 'cgid', 'hadm_id', 'itemid', 'icustay_id']","['patients', 'admissions', 'icustays', 'd_items', 'caregivers']",
mimiciii,chartevents_70,15,2135542.0,"['chartevents_fk_subject_id', 'chartevents_fk_hadm_id', 'chartevents_fk_icustay_id', 'chartevents_fk_itemid', 'chartevents_fk_cgid']","['subject_id', 'cgid', 'hadm_id', 'itemid', 'icustay_id']","['patients', 'admissions', 'icustays', 'd_items', 'caregivers']",
mimiciii,chartevents_71,15,774213.0,"['chartevents_fk_subject_id', 'chartevents_fk_hadm_id', 'chartevents_fk_icustay_id', 'chartevents_fk_itemid', 'chartevents_fk_cgid']","['subject_id', 'cgid', 'hadm_id', 'itemid', 'icustay_id']","['patients', 'admissions', 'icustays', 'd_items', 'caregivers']",
mimiciii,chartevents_72,15,300570.0,"['chartevents_fk_subject_id', 'chartevents_fk_hadm_id', 'chartevents_fk_icustay_id', 'chartevents_fk_itemid', 'chartevents_fk_cgid']","['subject_id', 'cgid', 'hadm_id', 'itemid', 'icustay_id']","['patients', 'admissions', 'icustays', 'd_items', 'caregivers']",
mimiciii,chartevents_73,15,1042512.0,"['chartevents_fk_subject_id', 'chartevents_fk_hadm_id', 'chartevents_fk_icustay_id', 'chartevents_fk_itemid', 'chartevents_fk_cgid']","['subject_id', 'cgid', 'hadm_id', 'itemid', 'icustay_id']","['patients', 'admissions', 'icustays', 'd_items', 'caregivers']",
mimiciii,chartevents_74,15,378549.0,"['chartevents_fk_subject_id', 'chartevents_fk_hadm_id', 'chartevents_fk_icustay_id', 'chartevents_fk_itemid', 'chartevents_fk_cgid']","['subject_id', 'cgid', 'hadm_id', 'itemid', 'icustay_id']","['patients', 'admissions', 'icustays', 'd_items', 'caregivers']",
mimiciii,chartevents_75,15,772277.0,"['chartevents_fk_subject_id', 'chartevents_fk_hadm_id', 'chartevents_fk_icustay_id', 'chartevents_fk_itemid', 'chartevents_fk_cgid']","['subject_id', 'cgid', 'hadm_id', 'itemid', 'icustay_id']","['patients', 'admissions', 'icustays', 'd_items', 'caregivers']",
mimiciii,chartevents_76,15,773891.0,"['chartevents_fk_subject_id', 'chartevents_fk_hadm_id', 'chartevents_fk_icustay_id', 'chartevents_fk_itemid', 'chartevents_fk_cgid']","['subject_id', 'cgid', 'hadm_id', 'itemid', 'icustay_id']","['patients', 'admissions', 'icustays', 'd_items', 'caregivers']",
mimiciii,chartevents_77,15,376047.0,"['chartevents_fk_subject_id', 'chartevents_fk_hadm_id', 'chartevents_fk_icustay_id', 'chartevents_fk_itemid', 'chartevents_fk_cgid']","['subject_id', 'cgid', 'hadm_id', 'itemid', 'icustay_id']","['patients', 'admissions', 'icustays', 'd_items', 'caregivers']",
mimiciii,chartevents_78,15,740176.0,"['chartevents_fk_subject_id', 'chartevents_fk_hadm_id', 'chartevents_fk_icustay_id', 'chartevents_fk_itemid', 'chartevents_fk_cgid']","['subject_id', 'cgid', 'hadm_id', 'itemid', 'icustay_id']","['patients', 'admissions', 'icustays', 'd_items', 'caregivers']",
mimiciii,chartevents_79,15,1099236.0,"['chartevents_fk_subject_id', 'chartevents_fk_hadm_id', 'chartevents_fk_icustay_id', 'chartevents_fk_itemid', 'chartevents_fk_cgid']","['subject_id', 'cgid', 'hadm_id', 'itemid', 'icustay_id']","['patients', 'admissions', 'icustays', 'd_items', 'caregivers']",
mimiciii,chartevents_8,15,285028.0,"['chartevents_fk_subject_id', 'chartevents_fk_hadm_id', 'chartevents_fk_icustay_id', 'chartevents_fk_itemid', 'chartevents_fk_cgid']","['subject_id', 'cgid', 'hadm_id', 'itemid', 'icustay_id']","['patients', 'admissions', 'icustays', 'd_items', 'caregivers']",
mimiciii,chartevents_80,15,933238.0,"['chartevents_fk_subject_id', 'chartevents_fk_hadm_id', 'chartevents_fk_icustay_id', 'chartevents_fk_itemid', 'chartevents_fk_cgid']","['subject_id', 'cgid', 'hadm_id', 'itemid', 'icustay_id']","['patients', 'admissions', 'icustays', 'd_items', 'caregivers']",
mimiciii,chartevents_81,15,20754.0,"['chartevents_fk_subject_id', 'chartevents_fk_hadm_id', 'chartevents_fk_icustay_id', 'chartevents_fk_itemid', 'chartevents_fk_cgid']","['subject_id', 'cgid', 'hadm_id', 'itemid', 'icustay_id']","['patients', 'admissions', 'icustays', 'd_items', 'caregivers']",
mimiciii,chartevents_82,15,727719.0,"['chartevents_fk_subject_id', 'chartevents_fk_hadm_id', 'chartevents_fk_icustay_id', 'chartevents_fk_itemid', 'chartevents_fk_cgid']","['subject_id', 'cgid', 'hadm_id', 'itemid', 'icustay_id']","['patients', 'admissions', 'icustays', 'd_items', 'caregivers']",
mimiciii,chartevents_83,15,937064.0,"['chartevents_fk_subject_id', 'chartevents_fk_hadm_id', 'chartevents_fk_icustay_id', 'chartevents_fk_itemid', 'chartevents_fk_cgid']","['subject_id', 'cgid', 'hadm_id', 'itemid', 'icustay_id']","['patients', 'admissions', 'icustays', 'd_items', 'caregivers']",
mimiciii,chartevents_84,15,1049706.0,"['chartevents_fk_subject_id', 'chartevents_fk_hadm_id', 'chartevents_fk_icustay_id', 'chartevents_fk_itemid', 'chartevents_fk_cgid']","['subject_id', 'cgid', 'hadm_id', 'itemid', 'icustay_id']","['patients', 'admissions', 'icustays', 'd_items', 'caregivers']",
mimiciii,chartevents_85,15,952177.0,"['chartevents_fk_subject_id', 'chartevents_fk_hadm_id', 'chartevents_fk_icustay_id', 'chartevents_fk_itemid', 'chartevents_fk_cgid']","['subject_id', 'cgid', 'hadm_id', 'itemid', 'icustay_id']","['patients', 'admissions', 'icustays', 'd_items', 'caregivers']",
mimiciii,chartevents_86,15,321012.0,"['chartevents_fk_subject_id', 'chartevents_fk_hadm_id', 'chartevents_fk_icustay_id', 'chartevents_fk_itemid', 'chartevents_fk_cgid']","['subject_id', 'cgid', 'hadm_id', 'itemid', 'icustay_id']","['patients', 'admissions', 'icustays', 'd_items', 'caregivers']",
mimiciii,chartevents_87,15,3464311.0,"['chartevents_fk_subject_id', 'chartevents_fk_hadm_id', 'chartevents_fk_icustay_id', 'chartevents_fk_itemid', 'chartevents_fk_cgid']","['subject_id', 'cgid', 'hadm_id', 'itemid', 'icustay_id']","['patients', 'admissions', 'icustays', 'd_items', 'caregivers']",
mimiciii,chartevents_88,15,5924970.0,"['chartevents_fk_subject_id', 'chartevents_fk_hadm_id', 'chartevents_fk_icustay_id', 'chartevents_fk_itemid', 'chartevents_fk_cgid']","['subject_id', 'cgid', 'hadm_id', 'itemid', 'icustay_id']","['patients', 'admissions', 'icustays', 'd_items', 'caregivers']",
mimiciii,chartevents_89,15,1716561.0,"['chartevents_fk_subject_id', 'chartevents_fk_hadm_id', 'chartevents_fk_icustay_id', 'chartevents_fk_itemid', 'chartevents_fk_cgid']","['subject_id', 'cgid', 'hadm_id', 'itemid', 'icustay_id']","['patients', 'admissions', 'icustays', 'd_items', 'caregivers']",
mimiciii,chartevents_9,15,2096678.0,"['chartevents_fk_subject_id', 'chartevents_fk_hadm_id', 'chartevents_fk_icustay_id', 'chartevents_fk_itemid', 'chartevents_fk_cgid']","['subject_id', 'cgid', 'hadm_id', 'itemid', 'icustay_id']","['patients', 'admissions', 'icustays', 'd_items', 'caregivers']",
mimiciii,chartevents_90,15,1417336.0,"['chartevents_fk_subject_id', 'chartevents_fk_hadm_id', 'chartevents_fk_icustay_id', 'chartevents_fk_itemid', 'chartevents_fk_cgid']","['subject_id', 'cgid', 'hadm_id', 'itemid', 'icustay_id']","['patients', 'admissions', 'icustays', 'd_items', 'caregivers']",
mimiciii,chartevents_91,15,803816.0,"['chartevents_fk_subject_id', 'chartevents_fk_hadm_id', 'chartevents_fk_icustay_id', 'chartevents_fk_itemid', 'chartevents_fk_cgid']","['subject_id', 'cgid', 'hadm_id', 'itemid', 'icustay_id']","['patients', 'admissions', 'icustays', 'd_items', 'caregivers']",
mimiciii,chartevents_92,15,423898.0,"['chartevents_fk_subject_id', 'chartevents_fk_hadm_id', 'chartevents_fk_icustay_id', 'chartevents_fk_itemid', 'chartevents_fk_cgid']","['subject_id', 'cgid', 'hadm_id', 'itemid', 'icustay_id']","['patients', 'admissions', 'icustays', 'd_items', 'caregivers']",
mimiciii,chartevents_93,15,592344.0,"['chartevents_fk_subject_id', 'chartevents_fk_hadm_id', 'chartevents_fk_icustay_id', 'chartevents_fk_itemid', 'chartevents_fk_cgid']","['subject_id', 'cgid', 'hadm_id', 'itemid', 'icustay_id']","['patients', 'admissions', 'icustays', 'd_items', 'caregivers']",
mimiciii,chartevents_94,15,250247.0,"['chartevents_fk_subject_id', 'chartevents_fk_hadm_id', 'chartevents_fk_icustay_id', 'chartevents_fk_itemid', 'chartevents_fk_cgid']","['subject_id', 'cgid', 'hadm_id', 'itemid', 'icustay_id']","['patients', 'admissions', 'icustays', 'd_items', 'caregivers']",
mimiciii,chartevents_95,15,2955846.0,"['chartevents_fk_subject_id', 'chartevents_fk_hadm_id', 'chartevents_fk_icustay_id', 'chartevents_fk_itemid', 'chartevents_fk_cgid']","['subject_id', 'cgid', 'hadm_id', 'itemid', 'icustay_id']","['patients', 'admissions', 'icustays', 'd_items', 'caregivers']",
mimiciii,chartevents_96,15,808725.0,"['chartevents_fk_subject_id', 'chartevents_fk_hadm_id', 'chartevents_fk_icustay_id', 'chartevents_fk_itemid', 'chartevents_fk_cgid']","['subject_id', 'cgid', 'hadm_id', 'itemid', 'icustay_id']","['patients', 'admissions', 'icustays', 'd_items', 'caregivers']",
mimiciii,chartevents_97,15,1083809.0,"['chartevents_fk_subject_id', 'chartevents_fk_hadm_id', 'chartevents_fk_icustay_id', 'chartevents_fk_itemid', 'chartevents_fk_cgid']","['subject_id', 'cgid', 'hadm_id', 'itemid', 'icustay_id']","['patients', 'admissions', 'icustays', 'd_items', 'caregivers']",
mimiciii,chartevents_98,15,1281335.0,"['chartevents_fk_subject_id', 'chartevents_fk_hadm_id', 'chartevents_fk_icustay_id', 'chartevents_fk_itemid', 'chartevents_fk_cgid']","['subject_id', 'cgid', 'hadm_id', 'itemid', 'icustay_id']","['patients', 'admissions', 'icustays', 'd_items', 'caregivers']",
mimiciii,chartevents_99,15,2261065.0,"['chartevents_fk_subject_id', 'chartevents_fk_hadm_id', 'chartevents_fk_icustay_id', 'chartevents_fk_itemid', 'chartevents_fk_cgid']","['subject_id', 'cgid', 'hadm_id', 'itemid', 'icustay_id']","['patients', 'admissions', 'icustays', 'd_items', 'caregivers']",
mimiciii,cptevents,12,573146.0,"['cptevents_fk_subject_id', 'cptevents_fk_hadm_id']","['subject_id', 'hadm_id']","['patients', 'admissions']",
mimiciii,d_cpt,9,134.0,[],,[],
mimiciii,d_icd_diagnoses,4,14567.0,[],,[],
mimiciii,d_icd_procedures,4,3882.0,[],,[],
mimiciii,d_items,10,12487.0,[],,[],
mimiciii,d_labitems,6,753.0,[],,[],
mimiciii,datetimeevents,14,4485731.0,"['datetimeevents_fk_subject_id', 'datetimeevents_fk_hadm_id', 'datetimeevents_fk_icustay_id', 'datetimeevents_fk_itemid', 'datetimeevents_fk_cgid']","['subject_id', 'cgid', 'hadm_id', 'itemid', 'icustay_id']","['patients', 'admissions', 'icustays', 'd_items', 'caregivers']",
mimiciii,diagnoses_icd,5,651047.0,"['diagnoses_icd_fk_subject_id', 'diagnoses_icd_fk_hadm_id']","['subject_id', 'hadm_id']","['patients', 'admissions']",
mimiciii,drgcodes,8,125557.0,"['drgcodes_fk_subject_id', 'drgcodes_fk_hadm_id']","['subject_id', 'hadm_id']","['patients', 'admissions']",
mimiciii,gcpt_care_site,6,30.0,[],,[],
mimiciii,icustays,12,61532.0,"['icustays_fk_subject_id', 'icustays_fk_hadm_id']","['subject_id', 'hadm_id']","['patients', 'admissions']",
mimiciii,inputevents_cv,22,17536527.0,"['inputevents_cv_fk_subject_id', 'inputevents_cv_fk_hadm_id', 'inputevents_cv_fk_icustay_id', 'inputevents_cv_fk_cgid']","['subject_id', 'hadm_id', 'icustay_id', 'cgid']","['patients', 'admissions', 'icustays', 'caregivers']",
mimiciii,inputevents_mv,31,3618629.0,"['inputevents_mv_fk_subject_id', 'inputevents_mv_fk_hadm_id', 'inputevents_mv_fk_icustay_id', 'inputevents_mv_fk_itemid', 'inputevents_mv_fk_cgid']","['subject_id', 'hadm_id', 'icustay_id', 'itemid', 'cgid']","['patients', 'admissions', 'icustays', 'd_items', 'caregivers']",
mimiciii,labevents,9,27850521.0,"['labevents_fk_subject_id', 'labevents_fk_hadm_id', 'labevents_fk_itemid']","['subject_id', 'hadm_id', 'itemid']","['patients', 'admissions', 'd_labitems']",
mimiciii,microbiologyevents,16,631726.0,"['microbiologyevents_fk_subject_id', 'microbiologyevents_fk_hadm_id', 'microbiologyevents_fk_spec_itemid', 'microbiologyevents_fk_org_itemid', 'microbiologyevents_fk_ab_itemid']","['subject_id', 'hadm_id', 'spec_itemid', 'org_itemid', 'ab_itemid']","['patients', 'admissions', 'd_items']",
mimiciii,noteevents,11,2085164.0,"['noteevents_fk_subject_id', 'noteevents_fk_hadm_id', 'noteevents_fk_cgid']","['subject_id', 'hadm_id', 'cgid']","['patients', 'admissions', 'caregivers']",
mimiciii,outputevents,13,4349062.0,"['outputevents_fk_subject_id', 'outputevents_fk_hadm_id', 'outputevents_fk_icustay_id', 'outputevents_fk_itemid', 'outputevents_fk_cgid']","['subject_id', 'hadm_id', 'icustay_id', 'itemid', 'cgid']","['patients', 'admissions', 'icustays', 'd_items', 'caregivers']",
mimiciii,patients,8,46520.0,[],,[],
mimiciii,prescriptions,19,4156743.0,"['prescriptions_fk_subject_id', 'prescriptions_fk_hadm_id', 'prescriptions_fk_icustay_id']","['subject_id', 'hadm_id', 'icustay_id']","['patients', 'admissions', 'icustays']",
mimiciii,procedureevents_mv,25,258066.0,"['procedureevents_mv_fk_subject_id', 'procedureevents_mv_fk_hadm_id', 'procedureevents_mv_fk_icustay_id', 'procedureevents_mv_fk_itemid', 'procedureevents_mv_fk_cgid']","['subject_id', 'hadm_id', 'icustay_id', 'itemid', 'cgid']","['patients', 'admissions', 'icustays', 'd_items', 'caregivers']",
mimiciii,procedures_icd,5,240095.0,"['procedures_icd_fk_subject_id', 'procedures_icd_fk_hadm_id']","['subject_id', 'hadm_id']","['patients', 'admissions']",
mimiciii,services,6,73343.0,"['services_fk_subject_id', 'services_fk_hadm_id']","['subject_id', 'hadm_id']","['patients', 'admissions']",
mimiciii,transfers,13,261897.0,"['transfers_fk_subject_id', 'transfers_fk_hadm_id', 'transfers_fk_icustay_id']","['subject_id', 'hadm_id', 'icustay_id']","['patients', 'admissions', 'icustays']",
